1,saeng,8,0텀블러,0,,"미니게임-0텀블러 퐁!(일회용플라스틱 컵과 0텀블러를 세워두고 탁구공을 0텀블러에 집어 넣는 게임) : 생협 굿즈 증정 예정, 0텀블러 SNS 이벤트 1(0텀블러 이화 계정 팔로우) : 0텀블러 곰돌이 스티커, 하리보 젤리 증정, 0텀블러 SNS 이벤트 2(0텀블러 인스타 홍보 게시물 리그램): 생활관 식권 선착 증정",인스타 : @0tumbler_ewha,,,,,,,,,,,,,,,,,
2,saeng,8,0텀블러,0,,"미니게임-0텀블러 퐁!(일회용플라스틱 컵과 0텀블러를 세워두고 탁구공을 0텀블러에 집어 넣는 게임) : 생협 굿즈 증정 예정, 0텀블러 SNS 이벤트 1(0텀블러 이화 계정 팔로우) : 0텀블러 곰돌이 스티커, 하리보 젤리 증정, 0텀블러 SNS 이벤트 2(0텀블러 인스타 홍보 게시물 리그램): 생활관 식권 선착 증정",인스타 : @0tumbler_ewha,,,,,,,,,,,,,,,,,
1,hakm_forest,14,간호대학,0,,정보없음,,,,,,,,,,,,,,,,,,
2,hakm_forest,14,간호대학,0,,정보없음,,,,,,,,,,,,,,,,,,
1,hakm_forest,30,간호대학 동아리 토스,0,,정보없음,,,,,,,,,,,,,,,,,,
2,hakm_forest,30,간호대학 동아리 토스,0,,정보없음,,,,,,,,,,,,,,,,,,
1,saeng,18,간호대학 동아리 EKUN,0,,정보없음,,,,,,,,,,,,,,,,,,
2,saeng,18,간호대학 동아리 EKUN,0,,정보없음,,,,,,,,,,,,,,,,,,
1,hakm_forest,31,"개인, 다락 살롱",0,14842,엽서 : 1000 (묶음 할인 500~1000 DC)# 떡메모지 : 1500 (3종 set 500 DC)# 스티커(2개) : 500 (5종 set 1000)# 문구 set(엽서2+떡메1+스티커2) : 3000# 핸드메이드 귀걸이 : 5000~10000,,,,,,,,,,,,,,,,,,
2,hakm_forest,31,"개인, 다락 살롱",0,14842,엽서 : 1000 (묶음 할인 500~1000 DC)# 떡메모지 : 1500 (3종 set 500 DC)# 스티커(2개) : 500 (5종 set 1000)# 문구 set(엽서2+떡메1+스티커2) : 3000# 핸드메이드 귀걸이 : 5000~10000,,,,,,,,,,,,,,,,,,
3,hakm_forest,31,"개인, 다락 살롱",0,14842,엽서 : 1000 (묶음 할인 500~1000 DC)# 떡메모지 : 1500 (3종 set 500 DC)# 스티커(2개) : 500 (5종 set 1000)# 문구 set(엽서2+떡메1+스티커2) : 3000# 핸드메이드 귀걸이 : 5000~10000,,,,,,,,,,,,,,,,,,
1,posco,16,경제학과 학생회,0,18629,균형새우(마라새우) : 4000# 초과새우(마라새우+납작당면) : 5000# 딸기보틀에이드 : 4000# 세트 : 500원 할인,,,,,,,,,,,,,,,,,,
1,hak,21,국어국문학과 학생회,0,14922,덕고지 : 1000,인스타 : @cheonga_gukmun,,,,,,,,,,,,,,,,,
2,hak,21,국어국문학과 학생회,0,14922,덕고지 : 1000,인스타 : @cheonga_gukmun,,,,,,,,,,,,,,,,,
3,hak,21,국어국문학과 학생회,0,14922,덕고지 : 1000,인스타 : @cheonga_gukmun,,,,,,,,,,,,,,,,,
1,gate,14,국제학부 학생회,0,,분류모자의 브라우니 : 2500# 분류모자의 브라우니 선데이 : 3000# 행복포션(푸른물약/붉은물약) : 2000,,,,,,,,,,,,,,,,,,
2,gate,14,국제학부 학생회,0,,분류모자의 브라우니 : 2500# 분류모자의 브라우니 선데이 : 3000# 행복포션(푸른물약/붉은물약) : 2000,,,,,,,,,,,,,,,,,,
1,hakm_forest,49,그림걸즈,0,12120,캐리커쳐 엽서+아이스티노 : 4000,인스타 : @ewhagrimgirls,,,,,,,,,,,,,,,,,
2,hakm_forest,49,그림걸즈,0,12120,캐리커쳐 엽서+아이스티노 : 4000,인스타 : @ewhagrimgirls,,,,,,,,,,,,,,,,,
2,saeng,17,글지이,0,19430,순대볶음 : 3000,인스타:@glg2ewha,,,,,,,,,,,,,,,,,
3,saeng,17,글지이,0,19430,순대볶음 : 3000,인스타:@glg2ewha,,,,,,,,,,,,,,,,,
1,hak,18,기독교학과 학생회,0,13970,카야토스트 : 3000# 논알콜 샹그리아 : 2000,,,,,,,,,,,,,,,,,,
2,hak,18,기독교학과 학생회,0,13970,카야토스트 : 3000# 논알콜 샹그리아 : 2000,,,,,,,,,,,,,,,,,,
3,hak,18,기독교학과 학생회,0,13970,카야토스트 : 3000# 논알콜 샹그리아 : 2000,,,,,,,,,,,,,,,,,,
1,hak,21,기획봉사동아리 VOVO,0,15409,카야토스트 : 2500# 한라봉에이드 : 1500,인스타 : @vovoewha_official,,,,,,,,,,,,,,,,,
1,gate,10,꿈꾸는 것들,0,18499,곰곰 티라미수(컵 티라미수) : 2500# 떡메모지(100매) : 2000# 투 두 리스트(100매) : 2000#  스티커(3장) : 2000# 도무송(3장) : 600# 손거울 : 2000,인스타 : @mongmong2_dream,,,,,,,,,,,,,,,,,
2,gate,10,꿈꾸는 것들,0,18499,곰곰 티라미수(컵 티라미수) : 2500# 떡메모지(100매) : 2000# 투 두 리스트(100매) : 2000#  스티커(3장) : 2000# 도무송(3장) : 600# 손거울 : 2000,인스타 : @mongmong2_dream,,,,,,,,,,,,,,,,,
1,gate,22,나 조랭쓰 굿즈 만들었는디(개인),0,12926,스티커(종류 다양) : 500~1500# 떡메모지: 1500# 엽서(4종류) : 1000~3000# 홀로그램 키링 : 5000# 금속 뱃지 : 7000# 캐리커쳐 : 10000,,,,,,,,,,,,,,,,,,
2,gate,22,나 조랭쓰 굿즈 만들었는디(개인),0,12926,스티커(종류 다양) : 500~1500# 떡메모지: 1500# 엽서(4종류) : 1000~3000# 홀로그램 키링 : 5000# 금속 뱃지 : 7000# 캐리커쳐 : 10000,,,,,,,,,,,,,,,,,,
1,hakm_forest,11,너이화함께,0,14462,"뱃지 : 7000#에코백 : 12000#스티커 한 세트 : 2000#엽서 개당 : 2000#세트(엽서 두종류) : 3500#전차스 : 2000#너이화함께와의 친밀도 확인하기 : 영상 2개 이상 시청&구독 버튼&인스타그램 팔로우 중 2가지 이상 확인 후 포토카드 증정#함께 만드는 너이화함께 : ""너"",""이"",""화"",""함"",""께"" 글씨 안에 주제에 맞는 글을 적는 이벤트#편견 부수기 피냐타 : 이화에 대한 편견 쪽지를 작성해서 피냐타 안에 넣으면 마지막날 함께 부수기#너이화함께의 미래 : 영상으로 보고 싶은 내용을 적어 주세요. 연락처를 남겨 주시면 추첨을 통해 두 분께 너이화함께 굿즈를 드립니다.",인스타 : @ewhatogether,,,,,,,,,,,,,,,,,
2,hakm_forest,11,너이화함께,0,14462,"뱃지 : 7000#에코백 : 12000#스티커 한 세트 : 2000#엽서 개당 : 2000#세트(엽서 두종류) : 3500#전차스 : 2000#너이화함께와의 친밀도 확인하기 : 영상 2개 이상 시청&구독 버튼&인스타그램 팔로우 중 2가지 이상 확인 후 포토카드 증정#함께 만드는 너이화함께 : ""너"",""이"",""화"",""함"",""께"" 글씨 안에 주제에 맞는 글을 적는 이벤트#편견 부수기 피냐타 : 이화에 대한 편견 쪽지를 작성해서 피냐타 안에 넣으면 마지막날 함께 부수기#너이화함께의 미래 : 영상으로 보고 싶은 내용을 적어 주세요. 연락처를 남겨 주시면 추첨을 통해 두 분께 너이화함께 굿즈를 드립니다.",인스타 : @ewhatogether,,,,,,,,,,,,,,,,,
3,hakm_forest,11,너이화함께,0,14462,"뱃지 : 7000#에코백 : 12000#스티커 한 세트 : 2000#엽서 개당 : 2000#세트(엽서 두종류) : 3500#전차스 : 2000#너이화함께와의 친밀도 확인하기 : 영상 2개 이상 시청&구독 버튼&인스타그램 팔로우 중 2가지 이상 확인 후 포토카드 증정#함께 만드는 너이화함께 : ""너"",""이"",""화"",""함"",""께"" 글씨 안에 주제에 맞는 글을 적는 이벤트#편견 부수기 피냐타 : 이화에 대한 편견 쪽지를 작성해서 피냐타 안에 넣으면 마지막날 함께 부수기#너이화함께의 미래 : 영상으로 보고 싶은 내용을 적어 주세요. 연락처를 남겨 주시면 추첨을 통해 두 분께 너이화함께 굿즈를 드립니다.",인스타 : @ewhatogether,,,,,,,,,,,,,,,,,
1,gate,9,다꾸왕김다꾸(총학프로그램 참여명 :문벤져스),0,13105,금속뱃지(별빛야잠뱃지 3종) : 각 7500#키링(종류 다양) : 4000~10000#떡메모지(종류 다양) : 2000~2500#스티커(인쇄소스티커) : 1000~2000#도무송/판스티커(종류 다양) : 1000~3000,,,,,,,,,,,,,,,,,,
2,gate,9,다꾸왕김다꾸(총학프로그램 참여명 :문벤져스),0,13105,금속뱃지(별빛야잠뱃지 3종) : 각 7500#키링(종류 다양) : 4000~10000#떡메모지(종류 다양) : 2000~2500#스티커(인쇄소스티커) : 1000~2000#도무송/판스티커(종류 다양) : 1000~3000,,,,,,,,,,,,,,,,,,
1,hakm_forest,31,다락방 문구점,0,,정보없음,,,,,,,,,,,,,,,,,,
2,hakm_forest,31,다락방 문구점,0,,정보없음,,,,,,,,,,,,,,,,,,
3,hakm_forest,31,다락방 문구점,0,,정보없음,,,,,,,,,,,,,,,,,,
1,saeng,3,다연회,0,17130,홍차시럽(1개) : 5000#요거베리티(1잔) : 2500,,,,,,,,,,,,,,,,,,
2,saeng,3,다연회,0,17130,홍차시럽(1개) : 5000#요거베리티(1잔) : 2500,,,,,,,,,,,,,,,,,,
3,saeng,3,다연회,0,17130,홍차시럽(1개) : 5000#요거베리티(1잔) : 2500,,,,,,,,,,,,,,,,,,
3,hakm_forest,49,당고가당겨,0,17668,두부당고(두부당고는 연두부와 찹쌀가루를 섞은 반죽으로 만들어 일반당고보다 쫠깃한 당고입니다) : 1500#구운 두부당고 : 2000,,,,,,,,,,,,,,,,,,
1,gate,8,더나은플라스틱대응위원회,0,14185,친환경 화분(플라스틱 컵 가져올 시) : 무료#그릇 대여 : (보증금 5000) 반납 시 무료,인스타 : @betteractionpl,,,,,,,,,,,,,,,,,
2,gate,8,더나은플라스틱대응위원회,0,14185,친환경 화분(플라스틱 컵 가져올 시) : 무료#그릇 대여 : (보증금 5000) 반납 시 무료,인스타 : @betteractionpl,,,,,,,,,,,,,,,,,
3,gate,8,더나은플라스틱대응위원회,0,14185,친환경 화분(플라스틱 컵 가져올 시) : 무료#그릇 대여 : (보증금 5000) 반납 시 무료,인스타 : @betteractionpl,,,,,,,,,,,,,,,,,
1,hak,13,독어독문학과 학생회,0,,불닭볶음밥 : 2500#코코펄피치에이드 : 2000#밥 + 음료 SET : 4000,"인스타 : @ewha_german, 페북 : @이화여자대학교 독어독문학과",,,,,,,,,,,,,,,,,
2,hak,13,독어독문학과 학생회,0,,불닭볶음밥 : 2500#코코펄피치에이드 : 2000#밥 + 음료 SET : 4000,"인스타 : @ewha_german, 페북 : @이화여자대학교 독어독문학과",,,,,,,,,,,,,,,,,
3,hak,13,독어독문학과 학생회,0,,불닭볶음밥 : 2500#코코펄피치에이드 : 2000#밥 + 음료 SET : 4000,"인스타 : @ewha_german, 페북 : @이화여자대학교 독어독문학과",,,,,,,,,,,,,,,,,
1,saeng,17,동아리 SSOM,0,,묵사발 : 3000,,,,,,,,,,,,,,,,,,
1,hakm_forest,38,"동아리, 이화채널",0,13512,다꾸스티커 2장 : 1000#노트북스티커 개당 : 500#떡메 : 1500#스모어(3개) : 2000#스모어(5개) : 3000,인스타: @ewhachannel,,,,,,,,,,,,,,,,,
2,hakm_forest,38,"동아리, 이화채널",0,13512,다꾸스티커 2장 : 1000#노트북스티커 개당 : 500#떡메 : 1500#스모어(3개) : 2000#스모어(5개) : 3000,인스타: @ewhachannel,,,,,,,,,,,,,,,,,
3,hakm_forest,38,"동아리, 이화채널",0,13512,다꾸스티커 2장 : 1000#노트북스티커 개당 : 500#떡메 : 1500#스모어(3개) : 2000#스모어(5개) : 3000,인스타: @ewhachannel,,,,,,,,,,,,,,,,,
1,hakm_forest,17,동아리연합회,0,,정보없음,,,,,,,,,,,,,,,,,,
2,hakm_forest,17,동아리연합회,0,,정보없음,,,,,,,,,,,,,,,,,,
3,hakm_forest,17,동아리연합회,0,,정보없음,,,,,,,,,,,,,,,,,,
1,gate,15,동양화과 부채부스,0,13948,이화 동양 부채 : 8000,,,,,,,,,,,,,,,,,,
2,gate,15,동양화과 부채부스,0,13948,이화 동양 부채 : 8000,,,,,,,,,,,,,,,,,,
3,gate,15,동양화과 부채부스,0,13948,이화 동양 부채 : 8000,,,,,,,,,,,,,,,,,,
1,gate,20,디-하!,0,16354,"바나나푸딩(오리지널,초코) : 2500#머랭쿠키(오레오,프레첼) : 2500#브라우니 : 1500#녹차 초코칩 쿠키 : 1500#콘 크림치즈 머핀 : 1500",,,,,,,,,,,,,,,,,,
2,gate,20,디-하!,0,16354,"바나나푸딩(오리지널,초코) : 2500#머랭쿠키(오레오,프레첼) : 2500#브라우니 : 1500#녹차 초코칩 쿠키 : 1500#콘 크림치즈 머핀 : 1500",,,,,,,,,,,,,,,,,,
3,gate,20,디-하!,0,16354,"바나나푸딩(오리지널,초코) : 2500#머랭쿠키(오레오,프레첼) : 2500#브라우니 : 1500#녹차 초코칩 쿠키 : 1500#콘 크림치즈 머핀 : 1500",,,,,,,,,,,,,,,,,,
2,posco,6,라온소울,0,,마라소스볶음밥 : 3000#콘치즈 : 2000#아이스티 : 2000#볶음밥+콘치즈+아이스티 : 6000,,,,,,,,,,,,,,,,,,
3,posco,6,라온소울,0,,마라소스볶음밥 : 3000#콘치즈 : 2000#아이스티 : 2000#볶음밥+콘치즈+아이스티 : 6000,,,,,,,,,,,,,,,,,,
1,hak,2,레인보우,0,16502,레인보우페미니스트 에코백 : 15000#스티커 : 1000#무지개키링 : 4000#드로잉굿즈,"인스타 : @dallbit_, @_sunzeroly",,,,,,,,,,,,,,,,,
2,hak,2,레인보우,0,16502,레인보우페미니스트 에코백 : 15000#스티커 : 1000#무지개키링 : 4000#드로잉굿즈,"인스타 : @dallbit_, @_sunzeroly",,,,,,,,,,,,,,,,,
1,saeng,22,릴리즈,0,,헤나 : 2000~15000,,,,,,,,,,,,,,,,,,
2,saeng,22,릴리즈,0,,헤나 : 2000~15000,,,,,,,,,,,,,,,,,,
3,saeng,22,릴리즈,0,,헤나 : 2000~15000,,,,,,,,,,,,,,,,,,
2,posco,7,말랑말랑한 뇌,0,,정보없음,,,,,,,,,,,,,,,,,,
3,posco,7,말랑말랑한 뇌,0,,정보없음,,,,,,,,,,,,,,,,,,
1,saeng,8,메모아르 서울,0,,정보없음,,,,,,,,,,,,,,,,,,
1,posco,12,모노롤,0,,그릭요거트 : 3500#에이드(청포도/자몽) : 2000#사진 두 장 : 3000#그릭요거트+에이드 : 5000,,,,,,,,,,,,,,,,,,
2,hak,6,모리네,0,14756,스티커 : 2000#떡메모지 : 3000 ~ 3500#그립톡 : 8000#브라우니 : 3000,인스타 : @mori_gomyami,,,,,,,,,,,,,,,,,
3,hak,6,모리네,0,14756,스티커 : 2000#떡메모지 : 3000 ~ 3500#그립톡 : 8000#브라우니 : 3000,인스타 : @mori_gomyami,,,,,,,,,,,,,,,,,
1,hakm_forest,24,묘화,0,15085,스티커 : 1000~2500#떡메 :  2000#마테 :  6000#엽서 :  1000~1500#손거울 :  4000#금속뱃지 :  9000#에코백 :  18000#핀뱃지(2개) :  3000#스트랩 :  6000#포토카드 :  1000#부채 : 1000,"인스타: @meowewha, 트위터 : @meowewha",,,,,,,,,,,,,,,,,
2,hakm_forest,24,묘화,0,15085,스티커 : 1000~2500#떡메 :  2000#마테 :  6000#엽서 :  1000~1500#손거울 :  4000#금속뱃지 :  9000#에코백 :  18000#핀뱃지(2개) :  3000#스트랩 :  6000#포토카드 :  1000#부채 : 1000,"인스타: @meowewha, 트위터 : @meowewha",,,,,,,,,,,,,,,,,
3,hakm_forest,24,묘화,0,15085,스티커 : 1000~2500#떡메 :  2000#마테 :  6000#엽서 :  1000~1500#손거울 :  4000#금속뱃지 :  9000#에코백 :  18000#핀뱃지(2개) :  3000#스트랩 :  6000#포토카드 :  1000#부채 : 1000,"인스타: @meowewha, 트위터 : @meowewha",,,,,,,,,,,,,,,,,
1,posco,7,문헌정보학과 학생회,0,19890,염통꼬치 : 1500#염통꼬치 SET(2개) : 2500#페미니즘 스티커 : 500#스티커 SET(4장) : 1500,"인스타 : @elis_1959 , 페북 : 이화여자대학교 문헌정보학과",,,,,,,,,,,,,,,,,
1,saeng,24,반유,0,17265,"자몽에이드 : 2000#댕댕이벗 부채 : 1000#배꽃코기 부채 : 1000#냥벗 스티커 : 1000#초롱초롱 댕댕이 스티커 : 1000#스카프(3종류 1택) : 3000,#떡메모지: 1000#하얀 고양이 스티커(2장 500) : 300#에코백 : 20000",인스타 : @4companimals,,,,,,,,,,,,,,,,,
2,saeng,24,반유,0,17265,자몽에이드 : 2000#댕댕이벗 부채 : 1000#배꽃코기 부채 : 1000#냥벗 스티커 : 1000#초롱초롱 댕댕이 스티커 : 1000#스카프(3종류 1택) : 3000#떡메모지: 1000#하얀 고양이 스티커(2장 500) : 300#에코백 : 20000,인스타 : @4companimals,,,,,,,,,,,,,,,,,
3,saeng,24,반유,0,17265,자몽에이드 : 2000#댕댕이벗 부채 : 1000#배꽃코기 부채 : 1000#냥벗 스티커 : 1000#초롱초롱 댕댕이 스티커 : 1000#스카프(3종류 1택) : 3000#떡메모지: 1000#하얀 고양이 스티커(2장 500) : 300#에코백 : 20000,인스타 : @4companimals,,,,,,,,,,,,,,,,,
2,hakm_forest,37,발자국,0,,정보없음,,,,,,,,,,,,,,,,,,
3,hakm_forest,37,발자국,0,,정보없음,,,,,,,,,,,,,,,,,,
1,hakm_forest,48,배구동아리 배꽃,0,18983,야끼소바 : 4000,,,,,,,,,,,,,,,,,,
2,hakm_forest,48,배구동아리 배꽃,0,18983,야끼소바 : 4000,,,,,,,,,,,,,,,,,,
3,hakm_forest,48,배구동아리 배꽃,0,18983,야끼소바 : 4000,,,,,,,,,,,,,,,,,,
1,hoo,2,베지베어,0,,"스티커 7종: 500(낱개), 1000(SET)#밀크티, 히든메뉴",,,,,,,,,,,,,,,,,,
2,hoo,2,베지베어,0,,"스티커 7종: 500(낱개), 1000(SET)#밀크티, 히든메뉴",,,,,,,,,,,,,,,,,,
3,hoo,2,변태소녀하늘을날다,0,17563,플래그 : 2000#대강당 스티커 + 앨라이 스티커 : 1000#프라이드 뱅글 : 4000#반팔티 : 12000#무지개 타이 : 2000,인스타 : @ewhabyunnal,,,,,,,,,,,,,,,,,
1,hak,22,불어불문학과 학생회,0,15130,딸기에이드 : 3000#유자에이드 : 2000#블루레몬에이드 : 2000,,,,,,,,,,,,,,,,,,
2,hak,22,불어불문학과 학생회,0,15130,딸기에이드 : 3000#유자에이드 : 2000#블루레몬에이드 : 2000,,,,,,,,,,,,,,,,,,
3,hak,22,불어불문학과 학생회,0,15130,딸기에이드 : 3000#유자에이드 : 2000#블루레몬에이드 : 2000,,,,,,,,,,,,,,,,,,
1,gate,3,뷰할로,0,11249,생크림와플 + 청포도코코펄에이드 SET : 3500#초코생크림와플 + 에이드 SET : 4000#사과생크림와플 + 에이드 SET : 4000#생크림와플 : 2000#초코생크림와플 : 2500#사과생크림와플 : 2500#에이드 : 2000,인스타: @ewha_jazzdance_viewhalloo,,,,,,,,,,,,,,,,,
2,gate,3,뷰할로,0,11249,생크림와플 + 청포도코코펄에이드 SET : 3500#초코생크림와플 + 에이드 SET : 4000#사과생크림와플 + 에이드 SET : 4000#생크림와플 : 2000#초코생크림와플 : 2500#사과생크림와플 : 2500#에이드 : 2000,인스타: @ewha_jazzdance_viewhalloo,,,,,,,,,,,,,,,,,
1,hakm_forest,26,뿅갹스토어 season2,0,,정보없음,,,,,,,,,,,,,,,,,,
2,hakm_forest,26,뿅갹스토어 season2,0,,정보없음,,,,,,,,,,,,,,,,,,
1,gate,6,사범대 유아교육과,0,,펜던트 있는 실팔찌 : 3500#펜던트 없는 실팔찌 : 3000,,,,,,,,,,,,,,,,,,
2,gate,6,사범대 유아교육과,0,,펜던트 있는 실팔찌 : 3500#펜던트 없는 실팔찌 : 3000,,,,,,,,,,,,,,,,,,
3,gate,6,사범대 유아교육과,0,,펜던트 있는 실팔찌 : 3500#펜던트 없는 실팔찌 : 3000,,,,,,,,,,,,,,,,,,
1,hak,4,사학과 학생회,0,,"크림치즈볼 : 1500(1개), 2500(2개), 12000(10개)#아아메 :1500#크림치즈볼+아아메 SET : 2500",,,,,,,,,,,,,,,,,,
2,hak,4,사학과 학생회,0,,"크림치즈볼 : 1500(1개), 2500(2개), 12000(10개)#아아메 :1500#크림치즈볼+아아메 SET : 2500",,,,,,,,,,,,,,,,,,
2,posco,15,사회과학대학,0,,삼겹파떡꼬치 : 3000#청포도에이드 : 2000#삼겹파떡꼬치+청포도에이드 : 4500,,,,,,,,,,,,,,,,,,
3,posco,15,사회과학대학,0,,삼겹파떡꼬치 : 3000#청포도에이드 : 2000#삼겹파떡꼬치+청포도에이드 : 4500,,,,,,,,,,,,,,,,,,
1,posco,15,사회대 사회학과,0,,연유햄치즈 샌드위치 : 2500#누텔라 바나나 샌드위치 : 2500#에이드(청포도/망고) : 2000#에잇취(샌드위치 + 에이드) : 4000,,,,,,,,,,,,,,,,,,
1,posco,10,사회대 소비자학과,0,,정보없음,,,,,,,,,,,,,,,,,,
1,posco,11,사회복지학과 학생회 ,0,16615,닭꼬치(small 2개) + 치킨너겟 : 2000#에이드 : 1500#세트 : 3000,"인스타 : @ewhasw1947 , 페북: @이화여자대학교 사회복지학과 ",,,,,,,,,,,,,,,,,
1,gate,19,샤팡,0,,정보없음,,,,,,,,,,,,,,,,,,
2,gate,19,샤팡,0,,정보없음,,,,,,,,,,,,,,,,,,
1,hoo,3,솔찬,0,17115,베지강정 : 4000 (개인 식기 지참 시 300 할인),인스타: @solchann,,,,,,,,,,,,,,,,,
2,hoo,3,솔찬,0,17115,베지강정 : 4000 (개인 식기 지참 시 300 할인),인스타: @solchann,,,,,,,,,,,,,,,,,
1,gate,5,송뚱,0,13034,Not for your culture 레진 키링 : 16000~18000#CxKozy 엽서 세트(6장+스티커1) : 6000#CxKozy 스티커 : 1000~3000#핸드메이드 비즈 헤어밴드 : 가격미정#빈티지 의류 : 5000~20000,,,,,,,,,,,,,,,,,,
2,gate,5,송뚱,0,13034,Not for your culture 레진 키링 : 16000~18000#CxKozy 엽서 세트(6장+스티커1) : 6000#CxKozy 스티커 : 1000~3000#핸드메이드 비즈 헤어밴드 : 가격미정#빈티지 의류 : 5000~20000,,,,,,,,,,,,,,,,,,
3,gate,5,송뚱,0,13034,Not for your culture 레진 키링 : 16000~18000#CxKozy 엽서 세트(6장+스티커1) : 6000#CxKozy 스티커 : 1000~3000#핸드메이드 비즈 헤어밴드 : 가격미정#빈티지 의류 : 5000~20000,,,,,,,,,,,,,,,,,,
1,saeng,12,슈슈와양은냄비,0,12573,돼지갈비 : 4500#고기추가 : 1000,,,,,,,,,,,,,,,,,,
2,saeng,12,슈슈와양은냄비,0,12573,돼지갈비 : 4500#고기추가 : 1000,,,,,,,,,,,,,,,,,,
1,gate,21,스튜디오샛다,0,,정보없음,,,,,,,,,,,,,,,,,,
2,gate,21,스튜디오샛다,0,,정보없음,,,,,,,,,,,,,,,,,,
3,gate,21,스튜디오샛다,0,,정보없음,,,,,,,,,,,,,,,,,,
1,hakm_forest,27,스푼걸즈,0,12085,"흙케이크 : 3000#전차스(스푼형, 참새형) 1개 : 700#전차스(스푼형, 참새형) 2개 : 1000",인스타: @spoongirls_ewha,,,,,,,,,,,,,,,,,
2,hakm_forest,27,스푼걸즈,0,12085,"흙케이크 : 3000#전차스(스푼형, 참새형) 1개 : 700#전차스(스푼형, 참새형) 2개 : 1000",인스타: @spoongirls_ewha,,,,,,,,,,,,,,,,,
1,hak,19,식품공학과 동아리 FOODDY,0,15834,블루베리 컵케이크(1개) : 1500#식빵 츄러스(5개) : 1000 -인스타그램 좋아요 이벤트 참여시 식빵 츄러스 7개 1000,인스타 : @ewha_fooddy,,,,,,,,,,,,,,,,,
2,hak,19,식품공학과 동아리 FOODDY,0,15834,블루베리 컵케이크(1개) : 1500#식빵 츄러스(5개) : 1000 -인스타그램 좋아요 이벤트 참여시 식빵 츄러스 7개 1000,인스타 : @ewha_fooddy,,,,,,,,,,,,,,,,,
3,hak,19,식품공학과 동아리 FOODDY,0,15834,블루베리 컵케이크(1개) : 1500#식빵 츄러스(5개) : 1000 -인스타그램 좋아요 이벤트 참여시 식빵 츄러스 7개 1000,인스타 : @ewha_fooddy,,,,,,,,,,,,,,,,,
1,saeng,6,신융대 식품영양학과,0,,갈릭대패삼겹덮밥 : 4000#청포도에이드with코코넛젤리 : 1500#세트 : 5000,,,,,,,,,,,,,,,,,,
2,saeng,6,신융대 식품영양학과,0,,갈릭대패삼겹덮밥 : 4000#청포도에이드with코코넛젤리 : 1500#세트 : 5000,,,,,,,,,,,,,,,,,,
1,hakm_forest,37,신융대 체육과학부,0,,정보없음,,,,,,,,,,,,,,,,,,
1,hakm_forest,12,실로암 만돌린,0,16403,떡꼬치(1개) : 1000,페북 : @실로암 만돌린 오케스트라,,,,,,,,,,,,,,,,,
2,hakm_forest,12,실로암 만돌린,0,16403,떡꼬치(1개) : 1000,페북 : @실로암 만돌린 오케스트라,,,,,,,,,,,,,,,,,
3,hakm_forest,12,실로암 만돌린,0,16403,떡꼬치(1개) : 1000,페북 : @실로암 만돌린 오케스트라,,,,,,,,,,,,,,,,,
1,posco,3,심리학과 학생회,0,18603,왕라탕 스티커 SET : 2000#MBTI 스티커(1장) : 500#심즈 떡메 : 2500#이화생각 떡메 : 2500,"인스타:@ewha_psycho_35,페북:@이화여자대학교 심리학과",,,,,,,,,,,,,,,,,
1,hoo,5,써드베이스,0,,정보없음,,,,,,,,,,,,,,,,,,
2,hoo,5,써드베이스,0,,정보없음,,,,,,,,,,,,,,,,,,
3,hoo,5,써드베이스,0,,정보없음,,,,,,,,,,,,,,,,,,
1,saeng,16,아롱슈퍼,0,,굿즈 : 5000~다양함,인스타 : @arong_super,,,,,,,,,,,,,,,,,
1,saeng,25,아식,0,,세트메뉴1(냉면+식혜) : 4500#세트2(냉면+식혜+앙빠2) : 6000#송주불냉면 : 3000#앙빠(1개) : 800#앙빠 : 1500#황금비율 식혜 : 2000,,,,,,,,,,,,,,,,,,
2,saeng,25,아식,0,,세트메뉴1(냉면+식혜) : 4500#세트2(냉면+식혜+앙빠2) : 6000#송주불냉면 : 3000앙빠(1개) : 800#앙빠 : 1500#황금비율 식혜 : 2000,,,,,,,,,,,,,,,,,,
1,saeng,15,아이섹 GREENISM,0,,석고방향제+섬유탈취제 : 4000#Fizzies청소밤+청소용세제 : 4000,,,,,,,,,,,,,,,,,,
2,saeng,15,아이섹 GREENISM,0,,석고방향제+섬유탈취제 : 4000#Fizzies청소밤+청소용세제 : 4000,,,,,,,,,,,,,,,,,,
1,saeng,4,야생조류연구회 새랑,0,15240,"새거울 (1개) : 3000, (2개) : 5000#새티커 (3종 각각) : 1000#새무송 (SetA): 1000#새무송 (SetB) : 1000#새무송 (SetC) : 1500#새무송 (SetD) : 1000
 ",,,,,,,,,,,,,,,,,,
2,saeng,4,야생조류연구회 새랑,0,15240,"새거울 (1개) : 3000#(2개) : 5000#새티커 (3종 각각) : 1000#새무송 (SetA): 1000#새무송 (SetB) : 1000#새무송 (SetC) : 1500#새무송 (SetD) : 1000
 ",,,,,,,,,,,,,,,,,,
3,saeng,4,야생조류연구회 새랑,0,15240,"새거울 (1개) : 3000#(2개) : 5000#새티커 (3종 각각) : 1000#새무송 (SetA): 1000#새무송 (SetB) : 1000#새무송 (SetC) : 1500#새무송 (SetD) : 1000
 ",,,,,,,,,,,,,,,,,,
3,posco,17,약대 문학동아리 별헤는밤,0,12682,콜드브루 : 1500#오미자레몬에이드 : 2500#미니블치토스트(블루베리크림치즈토스트) : 1500#전자파차단스티커(2종) : 각각 2000~3000#스티커(2종) : 개당 500,,,,,,,,,,,,,,,,,,
1,saeng,2,약대 오케스트라 동아리 에포,0,,달보드레해 에이드(솜사탕 에이드) : 3000#뱅그르르 쇼타임(뱅쇼) : 2500#달달한선물(스모어/1개) : 1000#달달한선물(스모어/3개) : 2500,,,,,,,,,,,,,,,,,,
2,saeng,2,약대 오케스트라 동아리 에포,0,,달보드레해 에이드(솜사탕 에이드) : 3000#뱅그르르 쇼타임(뱅쇼) : 2500#달달한선물(스모어/1개) : 1000#달달한선물(스모어/3개) : 2500,,,,,,,,,,,,,,,,,,
1,hak,6,약대 학생회 이야기꽃,0,,정보없음,,,,,,,,,,,,,,,,,,
2,hak,6,약대 학생회 이야기꽃,0,,정보없음,,,,,,,,,,,,,,,,,,
1,hakm_forest,23,약학대학 교지동아리 바다가다,0,16101,아메리카노 : 1000#망고에이드 : 2500#치즈케이크 : 2500#나쵸 : 2000 (+치즈나 살사 500),,,,,,,,,,,,,,,,,,
1,hakm_forest,39,엘텍공과대학 단대운영위원회 (공대 단운위),0,15739,백순대 : 3500#곤약비빔면(비건) : 2500#아이스티노(비건) : 1500,"인스타 : @ebeforu2019, 페북 : ebeforu2019",,,,,,,,,,,,,,,,,
2,hakm_forest,39,엘텍공과대학 단대운영위원회 (공대 단운위),0,15739,백순대 : 3500#곤약비빔면(비건) : 2500#아이스티노(비건) : 1500,"인스타 : @ebeforu2019, 페북 : ebeforu2019",,,,,,,,,,,,,,,,,
3,hakm_forest,39,엘텍공과대학 단대운영위원회 (공대 단운위),0,15739,백순대 : 3500#곤약비빔면(비건) : 2500#아이스티노(비건) : 1500,"인스타 : @ebeforu2019, 페북 : ebeforu2019",,,,,,,,,,,,,,,,,
1,hakm_forest,40,엘텍공과대학 단대운영위원회 (공대 단운위),0,15739,백순대 : 3500#곤약비빔면(비건) : 2500#아이스티노(비건) : 1500,"인스타 : @ebeforu2019, 페북 : ebeforu2019",,,,,,,,,,,,,,,,,
2,hakm_forest,40,엘텍공과대학 단대운영위원회 (공대 단운위),0,15739,백순대 : 3500#곤약비빔면(비건) : 2500#아이스티노(비건) : 1500,"인스타 : @ebeforu2019, 페북 : ebeforu2019",,,,,,,,,,,,,,,,,
3,hakm_forest,40,엘텍공과대학 단대운영위원회 (공대 단운위),0,15739,백순대 : 3500#곤약비빔면(비건) : 2500#아이스티노(비건) : 1500,"인스타 : @ebeforu2019, 페북 : ebeforu2019",,,,,,,,,,,,,,,,,
1,hakm_forest,41,엘텍공과대학 단대운영위원회 (공대 단운위),0,15739,백순대 : 3500#곤약비빔면(비건) : 2500#아이스티노(비건) : 1500,"인스타 : @ebeforu2019, 페북 : ebeforu2019",,,,,,,,,,,,,,,,,
2,hakm_forest,41,엘텍공과대학 단대운영위원회 (공대 단운위),0,15739,백순대 : 3500#곤약비빔면(비건) : 2500#아이스티노(비건) : 1500,"인스타 : @ebeforu2019, 페북 : ebeforu2019",,,,,,,,,,,,,,,,,
3,hakm_forest,41,엘텍공과대학 단대운영위원회 (공대 단운위),0,15739,백순대 : 3500#곤약비빔면(비건) : 2500#아이스티노(비건) : 1500,"인스타 : @ebeforu2019, 페북 : ebeforu2019",,,,,,,,,,,,,,,,,
1,hakm_forest,42,엘텍공과대학 단대운영위원회 (공대 단운위),0,15739,백순대 : 3500#곤약비빔면(비건) : 2500#아이스티노(비건) : 1500,"인스타 : @ebeforu2019, 페북 : ebeforu2019",,,,,,,,,,,,,,,,,
2,hakm_forest,42,엘텍공과대학 단대운영위원회 (공대 단운위),0,15739,백순대 : 3500#곤약비빔면(비건) : 2500#아이스티노(비건) : 1500,"인스타 : @ebeforu2019, 페북 : ebeforu2019",,,,,,,,,,,,,,,,,
3,hakm_forest,42,엘텍공과대학 단대운영위원회 (공대 단운위),0,15739,백순대 : 3500#곤약비빔면(비건) : 2500#아이스티노(비건) : 1500,"인스타 : @ebeforu2019, 페북 : ebeforu2019",,,,,,,,,,,,,,,,,
1,hakm_forest,43,엘텍공과대학 단대운영위원회 (공대 단운위),0,15739,백순대 : 3500#곤약비빔면(비건) : 2500#아이스티노(비건) : 1500,"인스타 : @ebeforu2019, 페북 : ebeforu2019",,,,,,,,,,,,,,,,,
2,hakm_forest,43,엘텍공과대학 단대운영위원회 (공대 단운위),0,15739,백순대 : 3500#곤약비빔면(비건) : 2500#아이스티노(비건) : 1500,"인스타 : @ebeforu2019, 페북 : ebeforu2019",,,,,,,,,,,,,,,,,
3,hakm_forest,43,엘텍공과대학 단대운영위원회 (공대 단운위),0,15739,백순대 : 3500#곤약비빔면(비건) : 2500#아이스티노(비건) : 1500,"인스타 : @ebeforu2019, 페북 : ebeforu2019",,,,,,,,,,,,,,,,,
1,hakm_forest,44,엘텍공과대학 단대운영위원회 (공대 단운위),0,15739,백순대 : 3500#곤약비빔면(비건) : 2500#아이스티노(비건) : 1500,"인스타 : @ebeforu2019, 페북 : ebeforu2019",,,,,,,,,,,,,,,,,
2,hakm_forest,44,엘텍공과대학 단대운영위원회 (공대 단운위),0,15739,백순대 : 3500#곤약비빔면(비건) : 2500#아이스티노(비건) : 1500,"인스타 : @ebeforu2019, 페북 : ebeforu2019",,,,,,,,,,,,,,,,,
3,hakm_forest,44,엘텍공과대학 단대운영위원회 (공대 단운위),0,15739,백순대 : 3500#곤약비빔면(비건) : 2500#아이스티노(비건) : 1500,"인스타 : @ebeforu2019, 페북 : ebeforu2019",,,,,,,,,,,,,,,,,
1,hak,22,영문과 학생회 영앤리치,0,11164,소세지핫도그 : 3000#청포도에이드 : 2000#SET메뉴(핫도그+에이드) : 4500,"인스타 : @youngnrich2019, 페북 : @이화여자대학교 영어영문학과 학생회",,,,,,,,,,,,,,,,,
2,hak,22,영문과 학생회 영앤리치,0,11164,소세지핫도그 : 3000#청포도에이드 : 2000#SET메뉴(핫도그+에이드) : 4500,"인스타 : @youngnrich2019, 페북 : @이화여자대학교 영어영문학과 학생회",,,,,,,,,,,,,,,,,
3,hak,22,영문과 학생회 영앤리치,0,11164,소세지핫도그 : 3000#청포도에이드 : 2000#SET메뉴(핫도그+에이드) : 4500,"인스타 : @youngnrich2019, 페북 : @이화여자대학교 영어영문학과 학생회",,,,,,,,,,,,,,,,,
1,hakm_forest,29,오!수지,0,,정보없음,,,,,,,,,,,,,,,,,,
2,hakm_forest,29,오!수지,0,,정보없음,,,,,,,,,,,,,,,,,,
1,posco,22,오케스트라 동아리 ESAOS,0,13809,앙버터 : 1500#오레오치즈케이크 : 3000#더치커피 : 2000#아이스크림 : 2000#아포가토 : 3000#베이커리1개+음료1개 SET : 500원 할인#도무송 스티커 1장 : 500#SET(A/B) 1000(3장 한SET)#SNS 및 이름 이벤트 : 스티커 무료증정,,,,,,,,,,,,,,,,,,
2,posco,22,오케스트라 동아리 ESAOS,0,13809,앙버터 : 1500#오레오치즈케이크 : 3000#더치커피 : 2000#아이스크림 : 2000#아포가토 : 3000#베이커리1개+음료1개 SET : 500원 할인#도무송 스티커 1장 : 500#SET(A/B) 1000(3장 한SET)#SNS 및 이름 이벤트 : 스티커 무료증정,,,,,,,,,,,,,,,,,,
3,posco,22,오케스트라 동아리 ESAOS,0,13809,앙버터 : 1500#오레오치즈케이크 : 3000#더치커피 : 2000#아이스크림 : 2000#아포가토 : 3000#베이커리1개+음료1개 SET : 500원 할인#도무송 스티커 1장 : 500#SET(A/B) 1000(3장 한SET)#SNS 및 이름 이벤트 : 스티커 무료증정,,,,,,,,,,,,,,,,,,
2,hak,5,온더플로어,0,18683,"마햄떡(마가린,햄,떡꼬치) : 3000",인스타: @ewha_onfl,,,,,,,,,,,,,,,,,
3,hak,5,온더플로어,0,18683,"마햄떡(마가린,햄,떡꼬치) : 3000",인스타: @ewha_onfl,,,,,,,,,,,,,,,,,
1,saeng,7,우엉차,0,13933,마라순대꼬치 : 2000#순대꼬치 : 2000#자몽 에이드 : 2000#청포도 에이드 : 2000#자몽 메이드 : 2000#청포도 메이드 : 2000#유자 메이드 : 2000 (한정판매),,,,,,,,,,,,,,,,,,
2,saeng,7,우엉차,0,13933,마라순대꼬치 : 2000#순대꼬치 : 2000#자몽 에이드 : 2000#청포도 에이드 : 2000#자몽 메이드 : 2000#청포도 메이드 : 2000#유자 메이드 : 2000 (한정판매),,,,,,,,,,,,,,,,,,
1,saeng,1,융학보건학과,0,15623,수박화채 : 3000,페북 : 이화여자대학교 융합보건학과,,,,,,,,,,,,,,,,,
2,saeng,2,융학보건학과,0,15623,수박화채 : 3000,페북 : 이화여자대학교 융합보건학과,,,,,,,,,,,,,,,,,
1,gate,23,융합콘텐츠학과 학생회,0,13474,노트북스티커(1장) : 500#노트북스티커(3장) : 1000#엽서(1장) : 1000#떡메모지(1개) : 2000#떡메모지(2개) : 3500#조리개파우치(1개) : 6000(사전예약 5000),,,,,,,,,,,,,,,,,,
2,gate,23,융합콘텐츠학과 학생회,0,13474,노트북스티커(1장) : 500#노트북스티커(3장) : 1000#엽서(1장) : 1000#떡메모지(1개) : 2000#떡메모지(2개) : 3500#조리개파우치(1개) : 6000(사전예약 5000),,,,,,,,,,,,,,,,,,
2,hakm_forest,21,음대 단운위,0,,정보없음,,,,,,,,,,,,,,,,,,
3,hakm_forest,21,음대 단운위,0,,정보없음,,,,,,,,,,,,,,,,,,
2,hakm_forest,22,음대 단운위,0,,정보없음,,,,,,,,,,,,,,,,,,
3,hakm_forest,22,음대 단운위,0,,정보없음,,,,,,,,,,,,,,,,,,
1,posco,21,이공공,0,19759,"향수(4가지 향 18ml): 3000#미스트(60ml) : 2500#디퓨저(프리저브드 플라워 장식 50ml) : 5000#립밤(3가지 향 6ml 스틱) : 1500#배쓰밤(4가지 향, 80g, 네고가능) : 2000#수분크림(50ml) : 4000",,,,,,,,,,,,,,,,,,
2,posco,21,이공공,0,19759,"향수(4가지 향 18ml): 3000#미스트(60ml) : 2500#디퓨저(프리저브드 플라워 장식 50ml) : 5000#립밤(3가지 향 6ml 스틱) : 1500#배쓰밤(4가지 향, 80g, 네고가능) : 2000#수분크림(50ml) : 4000",,,,,,,,,,,,,,,,,,
3,posco,21,이공공,0,19759,"향수(4가지 향 18ml): 3000#미스트(60ml) : 2500#디퓨저(프리저브드 플라워 장식 50ml) : 5000#립밤(3가지 향 6ml 스틱) : 1500#배쓰밤(4가지 향, 80g, 네고가능) : 2000#수분크림(50ml) : 4000",,,,,,,,,,,,,,,,,,
2,gate,16,이대 나온 타짜,0,,스누피 책갈피 대형 : 7000#스누피 책갈피 소형 : 6000#다람쥐 키링 : 6000#먼지 키링 : 5000#폼폼이 키링 : 5500,,,,,,,,,,,,,,,,,,
3,gate,16,이대 나온 타짜,0,,스누피 책갈피 대형 : 7000#스누피 책갈피 소형 : 6000#다람쥐 키링 : 6000#먼지 키링 : 5000#폼폼이 키링 : 5500,,,,,,,,,,,,,,,,,,
1,hak,5,이대학보,0,,책갈피+다과 나눔,,,,,,,,,,,,,,,,,,
1,hakm_forest,4,이뮤,0,10477,나쵸 : 2500~3000#복숭아에이드 : 2000,인스타:@ewha_musical,,,,,,,,,,,,,,,,,
2,hakm_forest,4,이뮤,0,10477,나쵸 : 2500~3000#복숭아에이드 : 2000,인스타:@ewha_musical,,,,,,,,,,,,,,,,,
3,hakm_forest,4,이뮤,0,10477,나쵸 : 2500~3000#복숭아에이드 : 2000,인스타:@ewha_musical,,,,,,,,,,,,,,,,,
2,hak,8,이미지스트,0,16974,"손거울(총5종) : 개당 3000#엽서(총 9종) : 1장 1000,  3장 2000#스티커세트(도무송 3종+리무버블 2종) : 1set 1000#에코백(총 5종, 부스에서 선주문 후 대동제 이후 배부예정) : 1종 15000",인스타:@imagist_ewha,,,,,,,,,,,,,,,,,
3,hak,8,이미지스트,0,16974,"손거울(총5종) : 개당 3000#엽서(총 9종) : 1장 1000,  3장 2000#스티커세트(도무송 3종+리무버블 2종) : 1set 1000#에코백(총 5종, 부스에서 선주문 후 대동제 이후 배부예정) : 1종 15000",인스타:@imagist_ewha,,,,,,,,,,,,,,,,,
1,hakm_forest,35,이큐브,0,,밀크티 : 2000#블루베리크림치즈 샌드위치 : 2500#러스크8개 : 1000#밀크티+샌드위치set : 4000#밀크티+러스크+누텔라 : 3000,,,,,,,,,,,,,,,,,,
2,hakm_forest,35,이큐브,0,,밀크티 : 2000#블루베리크림치즈 샌드위치 : 2500#러스크8개 : 1000#밀크티+샌드위치set : 4000#밀크티+러스크+누텔라 : 3000,,,,,,,,,,,,,,,,,,
2,posco,12,이향회,0,,정보없음,,,,,,,,,,,,,,,,,,
3,posco,12,이향회,0,,정보없음,,,,,,,,,,,,,,,,,,
1,hakm_forest,28,이화 국궁동아리 천화,0,14304,한라봉에이드 : 3500#오미자에이드 : 3500#로즈에이드 : 3500#곰돌이 스티커 : 2000 (음료 구매시 500 할인),,,,,,,,,,,,,,,,,,
2,hakm_forest,28,이화 국궁동아리 천화,0,14304,한라봉에이드 : 3500#오미자에이드 : 3500#로즈에이드 : 3500#곰돌이 스티커 : 2000 (음료 구매시 500 할인),,,,,,,,,,,,,,,,,,
2,hak,16,이화-보오드,0,,정보없음,,,,,,,,,,,,,,,,,,
3,hak,16,이화-보오드,0,,정보없음,,,,,,,,,,,,,,,,,,
1,hakm_forest,47,이화검도부,0,13479,"츄러스(2조각) : 1500#무알콜칵테일(모히또, 피나콜라다, 깔루아밀크) : 2000#츄러스 칵테일 SET(츄러스 2조각, 칵테일 1잔) :  3000 ",,,,,,,,,,,,,,,,,,
2,hakm_forest,47,이화검도부,0,13479,"츄러스(2조각) : 1500#무알콜칵테일(모히또, 피나콜라다, 깔루아밀크) : 2000#츄러스 칵테일 SET(츄러스 2조각, 칵테일 1잔) :  3000 ",,,,,,,,,,,,,,,,,,
3,hakm_forest,47,이화검도부,0,13479,"츄러스(2조각) : 1500#무알콜칵테일(모히또, 피나콜라다, 깔루아밀크) : 2000#츄러스 칵테일 SET(츄러스 2조각, 칵테일 1잔) :  3000 ",,,,,,,,,,,,,,,,,,
2,posco,16,이화나비,0,,"기부 굿즈 판매(키링, 스티커 등)",,,,,,,,,,,,,,,,,,
3,posco,16,이화나비,0,,"기부 굿즈 판매(키링, 스티커 등)",,,,,,,,,,,,,,,,,,
1,saeng,10,이화달력(개인),0,10258,이화달력 : 10000,,,,,,,,,,,,,,,,,,
1,gate,16,이화로사,0,12517,"이벤트 : 굿즈무료배부, 해쉬태그이벤트진행",인스타:@ewharo_sa,,,,,,,,,,,,,,,,,
1,saeng,23,이화로타랙트,0,17132,마라삼겹볶음 : 3500#청포도or자몽에이드 : 1500#세트(500 할인) : 5000,,,,,,,,,,,,,,,,,,
2,saeng,23,이화로타랙트,0,17132,마라삼겹볶음 : 3500#청포도or자몽에이드 : 1500#세트(500 할인) : 5000,,,,,,,,,,,,,,,,,,
2,saeng,10,이화반도문학회,0,,정보없음,,,,,,,,,,,,,,,,,,
3,saeng,10,이화반도문학회,0,,정보없음,,,,,,,,,,,,,,,,,,
1,hakm_forest,2,이화베이글,0,18629,크렌베리 사브레(3ea) : 1500#레몬마들렌(2ea) : 3000#오레오 브라우니: 2000,인스타  : @ewha_bagel,,,,,,,,,,,,,,,,,
2,hakm_forest,2,이화베이글,0,18629,크렌베리 사브레(3ea) : 1500#레몬마들렌(2ea) : 3000#오레오 브라우니 : 2000,인스타  : @ewha_bagel,,,,,,,,,,,,,,,,,
1,posco,14,이화산악부,0,16812,일반나쵸 : 3500#고기나쵸 : 4000#SIZEUP : 500 추가#라임콜라 : 2500#나쵸+콜라 세트 : 원가에서 1000 할인,인스타 : @ewha_alpine,,,,,,,,,,,,,,,,,
2,posco,14,이화산악부,0,16812,일반나쵸 : 3500#고기나쵸 : 4000#SIZEUP : 500 추가#라임콜라 : 2500원#나쵸+콜라 세트 : 원가에서 1000 할인,인스타 : @ewha_alpine,,,,,,,,,,,,,,,,,
3,posco,14,이화산악부,0,16812,일반나쵸 : 3500#고기나쵸 : 4000#SIZEUP : 500 추가#라임콜라 : 2500#나쵸+콜라 세트 : 원가에서 1000 할인,인스타 : @ewha_alpine,,,,,,,,,,,,,,,,,
1,hakm_forest,32,이화생활도서관,0,12954,"과일샌드위치(1개, 비건) :  3000#소이밀크티(비건) :  3000",인스타: @ewhalivelib_ ,,,,,,,,,,,,,,,,,
2,hakm_forest,32,이화생활도서관,0,12954,"과일샌드위치(1개, 비건) :  3000#소이밀크티(비건) :  3000",인스타: @ewhalivelib_ ,,,,,,,,,,,,,,,,,
1,hakm_forest,32,이화생활도서관,0,,딸기샌드 : 3000#청포도샌드 : 3000#청포도+딸기샌드 : 3000#소이얼그레이티 : 3000,,,,,,,,,,,,,,,,,,
2,hakm_forest,32,이화생활도서관,0,,딸기샌드 : 3000#청포도샌드 : 3000#청포도+딸기샌드 : 3000#소이얼그레이티 : 3000,,,,,,,,,,,,,,,,,,
1,hak,17,이화요트부,0,10418,나쵸(치즈소스&소세지토핑) : 3500#언더더씨 에이드(해양생물모양 젤리가 들어간 블루레몬에이드) : 2500,인스타 : @ewhayacht,,,,,,,,,,,,,,,,,
2,hak,17,이화요트부,0,10418,나쵸(치즈소스&소세지토핑) : 3500#언더더씨 에이드(해양생물모양 젤리가 들어간 블루레몬에이드) : 2500,인스타 : @ewhayacht,,,,,,,,,,,,,,,,,
1,hakm_forest,6,이화우스,0,13058,염통꼬치 : 1000#닭꼬치 : 1500#염통꼬치 3개set : 2500#닭꼬치1염통꼬치2set : 3000,"인스타 : @ewhaus_official , 페북 : @이화우스",,,,,,,,,,,,,,,,,
2,hakm_forest,6,이화우스,0,13058,염통꼬치 : 1000#닭꼬치 : 1500#염통꼬치 3개set : 2500#닭꼬치1염통꼬치2set : 3000,"인스타 : @ewhaus_official , 페북 : @이화우스",,,,,,,,,,,,,,,,,
3,hakm_forest,6,이화우스,0,13058,염통꼬치 : 1000#닭꼬치 : 1500#염통꼬치 3개set : 2500#닭꼬치1염통꼬치2set : 3000,"인스타 : @ewhaus_official , 페북 : @이화우스",,,,,,,,,,,,,,,,,
1,hakm_forest,25,이화캠퍼스리더,0,13736,"에코백(40*42.5cm) : 10000#보스티(XS, S, M, L) : 10000#파우치(18*13.5cm) : 6000",인스타 : @ewha_campusleader,,,,,,,,,,,,,,,,,
2,hakm_forest,25,이화캠퍼스리더,0,13736,"에코백(40*42.5cm) : 10000#보스티(XS, S, M, L) : 10000#파우치(18*13.5cm) : 6000",인스타 : @ewha_campusleader,,,,,,,,,,,,,,,,,
3,hakm_forest,25,이화캠퍼스리더,0,13736,"에코백(40*42.5cm) : 10000#보스티(XS, S, M, L) : 10000#파우치(18*13.5cm) : 6000",인스타 : @ewha_campusleader,,,,,,,,,,,,,,,,,
1,hakm_forest,30,이화토스,0,10662,콜팝 :  3000#EKG 배꽃파우치 :  6000,,,,,,,,,,,,,,,,,,
2,hakm_forest,30,이화토스,0,10662,콜팝 :  3000#EKG 배꽃파우치 :  6000,,,,,,,,,,,,,,,,,,
1,hakm_forest,5,이화티비(커미부 영상동아리),0,13801,홀로그램 카드파우치 : 9500#보틀 레몬에이드(보틀+음료) :  4500,인스타:@ewha_tv,,,,,,,,,,,,,,,,,
2,hakm_forest,5,이화티비(커미부 영상동아리),0,13801,홀로그램 카드파우치 : 9500#보틀 레몬에이드(보틀+음료) :  4500,인스타:@ewha_tv,,,,,,,,,,,,,,,,,
3,hakm_forest,5,이화티비(커미부 영상동아리),0,13801,홀로그램 카드파우치 : 9500#보틀 레몬에이드(보틀+음료) :  4500,인스타:@ewha_tv,,,,,,,,,,,,,,,,,
1,hak,15,인문대 학생회,0,14771,포도 온더 이화(포도 젤리 에이드) : 2500#수제 머랭 쿠키 : 2500#머랭+에이드 : 4000#이화 핸드폰 케이스(젤리) : 12000#이화 핸드폰 케이스(하드) : 14000#에코백 : 14000#굿즈+에이드 : 굿즈 가격 + 1500#굿즈 + 머랭 : 굿즈 가격 + 1500,"인스타: @ewha_liberarts, 페북 :@이화여자대학교 인문과학대학 학생회",,,,,,,,,,,,,,,,,
2,hak,15,인문대 학생회,0,14771,포도 온더 이화(포도 젤리 에이드) : 2500#수제 머랭 쿠키 : 2500#머랭+에이드 : 4000#이화 핸드폰 케이스(젤리) : 12000#이화 핸드폰 케이스(하드) : 14000#에코백 : 14000#굿즈+에이드 : 굿즈 가격 + 1500#굿즈 + 머랭 : 굿즈 가격 + 1500,"인스타: @ewha_liberarts, 페북 :@이화여자대학교 인문과학대학 학생회",,,,,,,,,,,,,,,,,
3,hak,15,인문대 학생회,0,14771,포도 온더 이화(포도 젤리 에이드) : 2500#수제 머랭 쿠키 : 2500#머랭+에이드 : 4000#이화 핸드폰 케이스(젤리) : 12000#이화 핸드폰 케이스(하드) : 14000#에코백 : 14000#굿즈+에이드 : 굿즈 가격 + 1500#굿즈 + 머랭 : 굿즈 가격 + 1500,"인스타: @ewha_liberarts, 페북 :@이화여자대학교 인문과학대학 학생회",,,,,,,,,,,,,,,,,
1,hak,3,인액터스 이화,0,12562,콘치즈 토스트 :  2500#아이스 아메리카노 : 1500#콘치즈 토스트+ 아이스 아메리카노 set : 3000,,,,,,,,,,,,,,,,,,
2,hak,3,인액터스 이화,0,12562,콘치즈 토스트 :  2500#아이스 아메리카노 : 1500#콘치즈 토스트+ 아이스 아메리카노 set : 3000,,,,,,,,,,,,,,,,,,
1,saeng,21,일본유학생회,0,,정보없음,,,,,,,,,,,,,,,,,,
2,saeng,21,일본유학생회,0,,정보없음,,,,,,,,,,,,,,,,,,
1,posco,17,자연대 단대운영위원회,0,,"소떡소떡 : 2500#또떡또떡 : 2000#모히또 : 2500#스모어 : 1500(1조각), 2500(2조각)",,,,,,,,,,,,,,,,,,
2,posco,17,자연대 단대운영위원회,0,,"소떡소떡 : 2500#또떡또떡 : 2000#모히또 : 2500#스모어 : 1500(1조각), 2500(2조각)",,,,,,,,,,,,,,,,,,
1,posco,18,자연대 단대운영위원회,0,,"소떡소떡 : 2500#또떡또떡 : 2000#모히또 : 2500#스모어 : 1500(1조각), 2500(2조각)",,,,,,,,,,,,,,,,,,
2,posco,18,자연대 단대운영위원회,0,,"소떡소떡 : 2500#또떡또떡 : 2000#모히또 : 2500#스모어 : 1500(1조각), 2500(2조각)",,,,,,,,,,,,,,,,,,
1,posco,19,자연대 단대운영위원회,0,,"소떡소떡 : 2500#또떡또떡 : 2000#모히또 : 2500#스모어 : 1500(1조각), 2500(2조각)",,,,,,,,,,,,,,,,,,
2,posco,19,자연대 단대운영위원회,0,,"소떡소떡 : 2500#또떡또떡 : 2000#모히또 : 2500#스모어 : 1500(1조각), 2500(2조각)",,,,,,,,,,,,,,,,,,
1,posco,20,자연대 단대운영위원회,0,,"소떡소떡 : 2500#또떡또떡 : 2000#모히또 : 2500#스모어 : 1500(1조각), 2500(2조각)",,,,,,,,,,,,,,,,,,
2,posco,20,자연대 단대운영위원회,0,,"소떡소떡 : 2500#또떡또떡 : 2000#모히또 : 2500#스모어 : 1500(1조각), 2500(2조각)",,,,,,,,,,,,,,,,,,
1,hak,10,작은짜이집,0,,짜이 밀크티 : 2500#흑당 짜이 밀크티 : 3000#초코 짜이 밀크티 : 3000#보틀 짜이 : 5000#펄 추가 : 500,,,,,,,,,,,,,,,,,,
2,hak,10,작은짜이집,0,,짜이 밀크티 : 2500#흑당 짜이 밀크티 : 3000#초코 짜이 밀크티 : 3000#보틀 짜이 : 5000#펄 추가 : 500,,,,,,,,,,,,,,,,,,
3,hak,10,작은짜이집,0,,짜이 밀크티 : 2500#흑당 짜이 밀크티 : 3000#초코 짜이 밀크티 : 3000#보틀 짜이 : 5000#펄 추가 : 500,,,,,,,,,,,,,,,,,,
1,hak ,12,장미다방,0,10908,장미에이드 : 3000#장미밀크티  : 3000#스티커(8장) : 1000 ,인스타:@rose_dabang,,,,,,,,,,,,,,,,,
2,hak,12,장미다방,0,10908,장미에이드 : 3000#장미밀크티  : 3000#스티커(8장) : 1000 ,인스타:@rose_dabang,,,,,,,,,,,,,,,,,
3,hak,12,장미다방,0,10908,장미에이드 : 3000#장미밀크티  : 3000#스티커(8장) : 1000 ,인스타:@rose_dabang,,,,,,,,,,,,,,,,,
1,hakm_base,51,정시통합선발제도 특별위원회,0,18178,호크마호구마고구마라떼(small) : 1000#호크마호구마고구마라떼(large) : 2000,인스타 : @ewha_hokma,,,,,,,,,,,,,,,,,
1,posco,8,정치외교학과 학생회,0,19513,소떡소떡 : 3000#복숭아 아이스티 : 2000#소떡소떡 + 아이스티 SET : 4500 (500 할인),인스타 : @ewha_politicsir,,,,,,,,,,,,,,,,,
1,hak,8,제이니 베이커리,0,,에그박스(에그샌드위치 + 샐러드) : 3000#후무스박스(후무스어니언 오픈 샌드위치 + 당근스틱) : 3000#비건 케이크(흑임자/얼그레이초코) : 3000#비건 머랭쿠키 : 3000#후무스 추가 : 1000 ,,,,,,,,,,,,,,,,,,
1,hakm_forest,33,조물상,0,15168,귀걸이 : 10000 ~ 15000#디저트 접시 : 30000#도자기 키링 : 7000#노트북 스티커: 1000#손그림 엽서 : 2500#키링 : 8000 ~ 10000,,,,,,,,,,,,,,,,,,
2,hakm_forest,33,조물상,0,15168,귀걸이 : 10000 ~ 15000#디저트 접시 : 30000#도자기 키링 : 7000#노트북 스티커: 1000#손그림 엽서 : 2500#키링 : 8000 ~ 10000,,,,,,,,,,,,,,,,,,
1,gate,11,조형예술대학,0,,투명스티커(3장) : 2000#도무송 : 3000#투명스티커(5장) + 도무송 : 4000#조쑥이 뱃지 : 5000#조쑥이 그립톡 : 6000#슬라임 : 6000,,,,,,,,,,,,,,,,,,
2,gate,11,조형예술대학,0,,투명스티커(3장) : 2000#도무송 : 3000#투명스티커(5장) + 도무송 : 4000#조쑥이 뱃지 : 5000#조쑥이 그립톡 : 6000#슬라임 : 6000,,,,,,,,,,,,,,,,,,
3,gate,11,조형예술대학,0,,투명스티커(3장) : 2000#도무송 : 3000#투명스티커(5장) + 도무송 : 4000#조쑥이 뱃지 : 5000#조쑥이 그립톡 : 6000#슬라임 : 6000,,,,,,,,,,,,,,,,,,
1,gate,12,조형예술대학,0,,투명스티커(3장) : 2000#도무송 : 3000#투명스티커(5장) + 도무송 : 4000#조쑥이 뱃지 : 5000#조쑥이 그립톡 : 6000#슬라임 : 6000,,,,,,,,,,,,,,,,,,
2,gate,12,조형예술대학,0,,투명스티커(3장) : 2000#도무송 : 3000#투명스티커(5장) + 도무송 : 4000#조쑥이 뱃지 : 5000#조쑥이 그립톡 : 6000#슬라임 : 6000,,,,,,,,,,,,,,,,,,
3,gate,12,조형예술대학,0,,"투명스티커(3장) : 2000, 도무송 : 3000, 투명스티커(5장) + 도무송 : 4000, 조쑥이 뱃지 : 5000, 조쑥이 그립톡 : 6000, 슬라임 : 6000",,,,,,,,,,,,,,,,,,
1,gate,13,조형예술대학,0,,투명스티커(3장) : 2000#도무송 : 3000#투명스티커(5장) + 도무송 : 4000#조쑥이 뱃지 : 5000#조쑥이 그립톡 : 6000#슬라임 : 6000,,,,,,,,,,,,,,,,,,
2,gate,13,조형예술대학,0,,투명스티커(3장) : 2000#도무송 : 3000#투명스티커(5장) + 도무송 : 4000#조쑥이 뱃지 : 5000#조쑥이 그립톡 : 6000#슬라임 : 6000,,,,,,,,,,,,,,,,,,
3,gate,13,조형예술대학,0,,투명스티커(3장) : 2000#도무송 : 3000#투명스티커(5장) + 도무송 : 4000#조쑥이 뱃지 : 5000#조쑥이 그립톡 : 6000#슬라임 : 6000,,,,,,,,,,,,,,,,,,
1,hak,52,중앙 만화 비평 동아리 민미,0,12798,"닭꼬치(데리야키 맛, 불닭맛) : 각 2000#치즈 케이크 : 2000#티라미수 케이크 : 2500",,,,,,,,,,,,,,,,,,
2,hak,52,중앙 만화 비평 동아리 민미,0,12798,"닭꼬치(데리야키 맛, 불닭맛) : 각 2000#치즈 케이크 : 2000#티라미수 케이크 : 2500",,,,,,,,,,,,,,,,,,
3,hak,52,중앙 만화 비평 동아리 민미,0,12798,"닭꼬치(데리야키 맛, 불닭맛) : 각 2000#치즈 케이크 : 2000#티라미수 케이크 : 2500",,,,,,,,,,,,,,,,,,
1,hakm_base,52,중앙 만화 비평 동아리 민미,0,12798,"닭꼬치(데리야키 맛, 불닭맛) : 각 2000#치즈 케이크 : 2000#티라미수 케이크 : 2500",,,,,,,,,,,,,,,,,,
2,hakm_base,52,중앙 만화 비평 동아리 민미,0,12798,"닭꼬치(데리야키 맛, 불닭맛) : 각 2000#치즈 케이크 : 2000#티라미수 케이크 : 2500",,,,,,,,,,,,,,,,,,
1,saeng,9,중앙댄스동아리 ACTION,0,11108,카나페 세트1(2개) : 1500#카나페 세트2(4개) : 3000#음료(복숭아홍차) : 1500,"인스타 : @ewhaaction , 페북 : 이화여자대학교 중앙댄스동아리 ACTION",,,,,,,,,,,,,,,,,
2,saeng,9,중앙댄스동아리 ACTION,0,11108,카나페 세트1(2개) : 1500#카나페 세트2(4개) : 3000#음료(복숭아홍차) : 1500,"인스타 : @ewhaaction , 페북 : 이화여자대학교 중앙댄스동아리 ACTION",,,,,,,,,,,,,,,,,
3,saeng,9,중앙댄스동아리 ACTION,0,11108,카나페 세트1(2개) : 1500#카나페 세트2(4개) : 3000#음료(복숭아홍차) : 1500,"인스타 : @ewhaaction , 페북 : 이화여자대학교 중앙댄스동아리 ACTION",,,,,,,,,,,,,,,,,
1,posco,5,중앙동아리 다정,0,19909,치즈볼+감자볼 콜팝 : 3000,,,,,,,,,,,,,,,,,,
2,posco,5,중앙동아리 다정,0,19909,치즈볼+감자볼 콜팝 : 3000,,,,,,,,,,,,,,,,,,
3,posco,5,중앙동아리 다정,0,19909,치즈볼+감자볼 콜팝 : 3000,,,,,,,,,,,,,,,,,,
1,posco,13,중앙동아리 아가뽀뽀,0,10125,뽀링클 치킨꼬치 : 2500#쌀떡꼬치 : 2000#피카츄 : 1500#아이스티 : 2000#아이스아메리카노 :2000#아이스티노 : 2500#꼬치와 음료 함께 구매시 500 할인,,,,,,,,,,,,,,,,,,
1,saeng,11,중앙동아리 와이니,0,13570,와인에이드 : 3000,,,,,,,,,,,,,,,,,,
2,saeng,11,중앙동아리 와이니,0,13570,와인에이드 : 3000,,,,,,,,,,,,,,,,,,
3,saeng,11,중앙동아리 와이니,0,13570,와인에이드 : 3000,,,,,,,,,,,,,,,,,,
1,saeng,14,중앙동아리 키비탄,0,17963,머핀 : 2500#에그타르트 : 2000#마들렌 : 1500#레몬에이드 : 2000,,,,,,,,,,,,,,,,,,
2,saeng,14,중앙동아리 키비탄,0,17963,머핀 : 2500#에그타르트 : 2000#마들렌 : 1500#레몬에이드 : 2000,,,,,,,,,,,,,,,,,,
3,saeng,14,중앙동아리 키비탄,0,17963,머핀 : 2500#에그타르트 : 2000#마들렌 : 1500#레몬에이드 : 2000,,,,,,,,,,,,,,,,,,
1,saeng,20,중앙동아리 AIESEC ,0,11006,뱃지 : 8000#에코백 : 7000#스티커6장 : 2000,,,,,,,,,,,,,,,,,,
2,saeng,20,중앙동아리 AIESEC ,0,11006,뱃지 : 8000#에코백 : 7000#스티커6장 : 2000,,,,,,,,,,,,,,,,,,
3,saeng,20,중앙동아리 AIESEC ,0,11006,뱃지 : 8000#에코백 : 7000#스티커6장 : 2000,,,,,,,,,,,,,,,,,,
2,saeng,16,중앙동아리 ECC,0,12213,묵사발 : 3000#스티커(1세트) : 1000,,,,,,,,,,,,,,,,,,
3,saeng,16,중앙동아리 ECC,0,12213,묵사발 : 3000#스티커(1세트) : 1000,,,,,,,,,,,,,,,,,,
1,hak,7,중어중문학과 학생회,0,15051,양꼬치 : 1500,,,,,,,,,,,,,,,,,,
2,hak,7,중어중문학과 학생회,0,15051,양꼬치 : 1500,,,,,,,,,,,,,,,,,,
1,hakm_forest,28,천화,0,,정보없음,,,,,,,,,,,,,,,,,,
2,hakm_forest,28,천화,0,,정보없음,,,,,,,,,,,,,,,,,,
1,hak,14,철학과 학생회,0,12559,소시지 : 1500#치즈소시지 : 2000#애플망고 에이드 : 2500#소시지+에이드 세트 : 3500#치즈소시지+에이드 세트 : 4000,,,,,,,,,,,,,,,,,,
2,hak,14,철학과 학생회,0,12559,소시지 : 1500#치즈소시지 : 2000#애플망고 에이드 : 2500#소시지+에이드 세트 : 3500#치즈소시지+에이드 세트 : 4000,,,,,,,,,,,,,,,,,,
3,hak,14,철학과 학생회,0,12559,소시지 : 1500#치즈소시지 : 2000#애플망고 에이드 : 2500#소시지+에이드 세트 : 3500#치즈소시지+에이드 세트 : 4000,,,,,,,,,,,,,,,,,,
1,gate,2,총학생회 연대기획부스,0,,부스 참여 시 스티커와 엽서 증정,,,,,,,,,,,,,,,,,,
2,gate,2,총학생회 연대기획부스,0,,부스 참여 시 스티커와 엽서 증정,,,,,,,,,,,,,,,,,,
3,gate,2,총학생회 연대기획부스,0,,부스 참여 시 스티커와 엽서 증정,,,,,,,,,,,,,,,,,,
1,gate,1,총학생회 연대단위부스1,0,,빅이슈 잡지 + 캘리그라피 : 5000,,,,,,,,,,,,,,,,,,
2,gate,1,총학생회 연대단위부스1,0,,빅이슈 잡지 + 캘리그라피 : 5000,,,,,,,,,,,,,,,,,,
3,gate,1,총학생회 연대단위부스1,0,,빅이슈 잡지 + 캘리그라피 : 5000,,,,,,,,,,,,,,,,,,
3,hakm_forest,9,총학생회 연대단위부스3,0,,비건 떡볶이 : 3000#순대볶음 : 3000#닭꼬치 : 2000#소떡소떡 : 2000#비건 빈대떡 : 3000,,,,,,,,,,,,,,,,,,
2,hakm_forest,10,총학생회 연대단위부스3,0,,비건 떡볶이 : 3000#순대볶음 : 3000#닭꼬치 : 2000#소떡소떡 : 2000#비건 빈대떡 : 3000,,,,,,,,,,,,,,,,,,
3,hakm_forest,10,총학생회 연대단위부스3,0,,비건 떡볶이 : 3000#순대볶음 : 3000#닭꼬치 : 2000#소떡소떡 : 2000#비건 빈대떡 : 3000,,,,,,,,,,,,,,,,,,
1,posco,6,커뮤니케이션미디어학부 학생회,0,15571,고기+청포도에이드 SET : 4000#고기 : 3000#청포도에이드 : 1500#페미니즘 티셔츠(일반핏) : 10000,"페북 : @이화여자대학교 언론홍보영상학부/커뮤니케이션미디어학부, 인스타 : @ewha.comm.media, 카톡플친 : 이화여자대학교 커뮤니케이션미디어학부 , 에타 : 커뮤니케이션미디어학부(언홍영) 학생회 게시판",,,,,,,,,,,,,,,,,
1,hoo,4,토사구팽: Unlearning,0,14386,"무지개 띠 : 1500(30cm), 2000(45cm)#무지개 머리띠 : 3000(플라스틱), 4000(벨벳)#무지개 삔 : 1500#무지개 키링 : 4500#페이스페인팅 : 1000/ 2000/ 4000 (크기에 따라 책정)#형형색색 폴라로이드(직접 촬영, 어플로 사진 프린트 가능) : 장당 3000#무지개 공룡 찾는 이벤트",,,,,,,,,,,,,,,,,,
2,hoo,4,토사구팽: Unlearning,0,14386,"무지개 띠 : 1500(30cm), 2000(45cm)#무지개 머리띠 : 3000(플라스틱), 4000(벨벳)#무지개 삔 : 1500#무지개 키링 : 4500#페이스페인팅 : 1000/ 2000/ 4000 (크기에 따라 책정)#형형색색 폴라로이드(직접 촬영, 어플로 사진 프린트 가능) : 장당 3000#무지개 공룡 찾는 이벤트",,,,,,,,,,,,,,,,,,
3,hoo,4,토사구팽: Unlearning,0,14386,"무지개 띠 : 1500(30cm), 2000(45cm)#무지개 머리띠 : 3000(플라스틱), 4000(벨벳)#무지개 삔 : 1500#무지개 키링 : 4500#페이스페인팅 : 1000/ 2000/ 4000 (크기에 따라 책정)#형형색색 폴라로이드(직접 촬영, 어플로 사진 프린트 가능) : 장당 3000#무지개 공룡 찾는 이벤트",,,,,,,,,,,,,,,,,,
2,posco,10,투명한 사람들,0,,정보없음,,,,,,,,,,,,,,,,,,
3,posco,10,투명한 사람들,0,,정보없음,,,,,,,,,,,,,,,,,,
1,hak,11,투파이브(Two-Five),0,11263,"그린티/블랙티/초콜렛 라떼(두유/우유 선택 가능, 텀블러 사용 시 300원 할인) : 2500#스티커(5개입) : 2000#라이터 : 1000",인스타 : @ewha_twofive,,,,,,,,,,,,,,,,,
2,hak,11,투파이브(Two-Five),0,11263,"그린티/블랙티/초콜렛 라떼(두유/우유 선택 가능, 텀블러 사용 시 300원 할인) : 2500#스티커(5개입) : 2000#라이터 : 1000",인스타 : @ewha_twofive,,,,,,,,,,,,,,,,,
3,hak,11,투파이브(Two-Five),0,11263,"그린티/블랙티/초콜렛 라떼(두유/우유 선택 가능, 텀블러 사용 시 300원 할인) : 2500#스티커(5개입) : 2000#라이터 : 1000",인스타 : @ewha_twofive,,,,,,,,,,,,,,,,,
2,hakm_forest,34,트루이화,0,,정보없음,,,,,,,,,,,,,,,,,,
1,gate,7,"패디과 동기들, 줍줍",0,10054,"실링왁스 스티커 : 개당 1000#캐릭터 키링 : 7000#디자인 스티커 : 500~7000#엽서 세트 : 10000#빈티지 악세사리,의류 : 5000~20000",,,,,,,,,,,,,,,,,,
2,gate,7,"패디과 동기들, 줍줍",0,10054,"실링왁스 스티커 : 개당 1000#캐릭터 키링 : 7000#디자인 스티커 : 500~7000#엽서 세트 : 10000#빈티지 악세사리,의류 : 5000~20000",,,,,,,,,,,,,,,,,,
3,gate,7,"패디과 동기들, 줍줍",0,10054,"실링왁스 스티커 : 개당 1000#캐릭터 키링 : 7000#디자인 스티커 : 500~7000#엽서 세트 : 10000#빈티지 악세사리,의류 : 5000~20000",,,,,,,,,,,,,,,,,,
1,posco,4,포토트레이스,0,,떡메모지(1개) : 1500#떡메모지(4개 set) : 5000#엽서 : 1000#스티커 : 2000#부채 : 2000#보딩패스+여권 : 1500,,,,,,,,,,,,,,,,,,
2,posco,4,포토트레이스,0,,떡메모지(1개) : 1500#떡메모지(4개 set) : 5000#엽서 : 1000#스티커 : 2000#부채 : 2000#보딩패스+여권 : 1500,,,,,,,,,,,,,,,,,,
3,posco,4,포토트레이스,0,,떡메모지(1개) : 1500#떡메모지(4개 set) : 5000#엽서 : 1000#스티커 : 2000#부채 : 2000#보딩패스+여권 : 1500,,,,,,,,,,,,,,,,,,
1,hakm_forest,50,폴라리스,0,15166,"홀로그램 스티커(3장당 500원 할인), (별자리(12종), Universe) : 2000#전자파 차단 스티커 : 2000#엽서 : 1000(1장) 2000(3장)#팔찌 : 8000#키링 : 10000",,,,,,,,,,,,,,,,,,
2,hakm_forest,50,폴라리스,0,15166,"홀로그램 스티커(3장당 500원 할인), (별자리(12종), Universe) : 2000#전자파 차단 스티커 : 2000#엽서 : 1000(1장) 2000(3장)#팔찌 : 8000#키링 : 10000",,,,,,,,,,,,,,,,,,
3,hakm_forest,50,폴라리스,0,15166,"홀로그램 스티커(3장당 500원 할인), (별자리(12종), Universe) : 2000#전자파 차단 스티커 : 2000#엽서 : 1000(1장) 2000(3장)#팔찌 : 8000#키링 : 10000",,,,,,,,,,,,,,,,,,
1,hoo,1,학생?소수자인권위원회: 리틀 포레스트,0,,"북보틀 :  6000#티에이드(개인 보틀 소지 시 판매) : 2000#학소위 퀴어 플래그 스티커 : 2000(1장), 3000(2장)#이벤트 : 사이버불링 실태조사 참여 후 부스에서 스티커를 받아가세요!#SNS 해쉬태그 이벤트 참여 시 추첨을 통해 소정의 상품 증정","인스타 : @ewharights, 페북 : @이화여자대학교 학생?소수자인권위원회",,,,,,,,,,,,,,,,,
2,hoo,1,학생?소수자인권위원회: 리틀 포레스트,0,,"북보틀 :  6000#티에이드(개인 보틀 소지 시 판매) : 2000#학소위 퀴어 플래그 스티커 : 2000(1장), 3000(2장)#이벤트 : 사이버불링 실태조사 참여 후 부스에서 스티커를 받아가세요!#SNS 해쉬태그 이벤트 참여 시 추첨을 통해 소정의 상품 증정","인스타 : @ewharights, 페북 : @이화여자대학교 학생?소수자인권위원회",,,,,,,,,,,,,,,,,
1,gate,18,한가람인형극연구회,0,,"마스킹테이프 : 3500(선입금+3종 모두 구입시 1000원 할인 : 9500, 축제 당일 3종 모두 구입시 500원 할인 : 10000)#핀버튼 : 2000(3종 모두 구입시 500원 할인 : 5500원)#전차스 : 1500",,,,,,,,,,,,,,,,,,
2,gate,18,한가람인형극연구회,0,,"마스킹테이프 : 3500(선입금+3종 모두 구입시 1000원 할인 : 9500, 축제 당일 3종 모두 구입시 500원 할인 : 10000)#핀버튼 : 2000(3종 모두 구입시 500원 할인 : 5500원)#전차스 : 1500",,,,,,,,,,,,,,,,,,
3,gate,18,한가람인형극연구회,0,,"마스킹테이프 : 3500(선입금+3종 모두 구입시 1000원 할인 : 9500, 축제 당일 3종 모두 구입시 500원 할인 : 10000)#핀버튼 : 2000(3종 모두 구입시 500원 할인 : 5500원)#전차스 : 1500",,,,,,,,,,,,,,,,,,
1,hakm_forest,46,행동하는 이화인,0,,스티커 판매#퀴어 유인물 배포,,,,,,,,,,,,,,,,,,
2,hakm_forest,46,행동하는 이화인,0,,스티커 판매#퀴어 유인물 배포,,,,,,,,,,,,,,,,,,
3,hakm_forest,46,행동하는 이화인,0,,스티커 판매#퀴어 유인물 배포,,,,,,,,,,,,,,,,,,
1,posco,9,행정학과 학생회 PAlette,0,12967,청포도에이드 : 2000#핫케이크꼬치 : 2500#청포도에이드+핫케이크꼬치 SET : 4000,페북 : @이화여대 행정학과,,,,,,,,,,,,,,,,,
1,hakm_forest,3,화신뿜뿜,0,15277,마라샹궈 : 5000#연유꽃빵튀김(시나몬설탕으로 대체 가능) : 3000#얼그레이 아이스티 : 3000#마라샹궈 + 꽃빵튀김(SET A) : 7500#마라샹궈 + 얼그레이아이스티(SET B) : 7500#마라샹궈 + 꽃빵튀김 + 얼그레이 아이스티(SET C) : 9500,인스타: @hwasin._.mara_3_,,,,,,,,,,,,,,,,,
2,hakm_forest,3,화신뿜뿜,0,15277,마라샹궈 : 5000#연유꽃빵튀김(시나몬설탕으로 대체 가능) : 3000#얼그레이 아이스티 : 3000#마라샹궈 + 꽃빵튀김(SET A) : 7500#마라샹궈 + 얼그레이아이스티(SET B) : 7500#마라샹궈 + 꽃빵튀김 + 얼그레이 아이스티(SET C) : 9500,인스타: @hwasin._.mara_3_,,,,,,,,,,,,,,,,,
1,hakm_forest,34,환경동행,0,,정보없음,,,,,,,,,,,,,,,,,,
1,hakm_forest,15,휴학생,0,16857,자수스트랩 Where change begins : 4000#자수스트랩 해방이화 : 4000#페미니즘 노트북 스티커 (3개 SET) : 1000,,,,,,,,,,,,,,,,,,
2,hakm_forest,15,휴학생,0,16857,자수스트랩 Where change begins : 4000#자수스트랩 해방이화 : 4000#페미니즘 노트북 스티커 (3개 SET) : 1000,,,,,,,,,,,,,,,,,,
1,hakm_forest,13,CAFE 1886,0,16753,얼그레이 흑설탕 버블티 : 3000,,,,,,,,,,,,,,,,,,
2,hakm_forest,13,CAFE 1886,0,16753,얼그레이 흑설탕 버블티 : 3000,,,,,,,,,,,,,,,,,,
3,hakm_forest,13,CAFE 1886,0,16753,얼그레이 흑설탕 버블티 : 3000,,,,,,,,,,,,,,,,,,
4,hakm_forest,13,CAFE 1886,0,16753,얼그레이 흑설탕 버블티 : 3000,,,,,,,,,,,,,,,,,,
2,posco,9,CCC,0,,닭꼬치 : 2500#에이드(자몽/복분자) : 2000#세트 구매+동아리 홍보영상 시청 : 4000,,,,,,,,,,,,,,,,,,
3,posco,9,CCC,0,,닭꼬치 : 2500#에이드(자몽/복분자) : 2000#세트 구매+동아리 홍보영상 시청 : 4000,,,,,,,,,,,,,,,,,,
1,saeng,19,E.G.G.,0,15259,간장 당고 : 1500#콩가루 당고 : 2000#김 당고 : 2000#당고 3종 SET : 5000#HP 포션(자몽맛) : 2000#MP 포션 (블루레몬맛) : 2000#SP 포션 (애플망고맛) : 2000,인스타 : @EWHA_GAME_GEEKS ,,,,,,,,,,,,,,,,,
2,saeng,19,E.G.G.,0,15259,간장 당고 : 1500#콩가루 당고 : 2000#김 당고 : 2000#당고 3종 SET : 5000#HP 포션(자몽맛) : 2000#MP 포션 (블루레몬맛) : 2000#SP 포션 (애플망고맛) : 2000,인스타 : @EWHA_GAME_GEEKS ,,,,,,,,,,,,,,,,,
3,saeng,19,E.G.G.,0,15259,간장 당고 : 1500#콩가루 당고 : 2000#김 당고 : 2000#당고 3종 SET : 5000#HP 포션(자몽맛) : 2000#MP 포션 (블루레몬맛) : 2000#SP 포션 (애플망고맛) : 2000,인스타 : @EWHA_GAME_GEEKS ,,,,,,,,,,,,,,,,,
3,hakm_forest,29,EHPA,0,,정보없음,,,,,,,,,,,,,,,,,,
1,gate,17,EMC,0,11017,오차즈케 : 2000,,,,,,,,,,,,,,,,,,
2,gate,17,EMC,0,11017,오차즈케 : 2000,,,,,,,,,,,,,,,,,,
1,hakm_forest,16,ENC,0,16343,"그릭요거트 : 3500#치즈케이크 : 2500#티라미수 : 3000#크레페 : 2000#바닐라슈 : 2000 
",,,,,,,,,,,,,,,,,,
2,hakm_forest,16,ENC,0,16343,그릭요거트 : 3500#치즈케이크 : 2500#티라미수 : 3000#크레페 : 2000#바닐라슈 : 2000 ,,,,,,,,,,,,,,,,,,
3,hakm_forest,16,ENC,0,16343,"그릭요거트 : 3500#치즈케이크 : 2500#티라미수 : 3000#크레페 : 2000#바닐라슈 : 2000 
",,,,,,,,,,,,,,,,,,
2,posco,11,FC콕,0,,삼콕살(삽겹살 꼬지) 1개 : 2500#삼콕살(삼겹살 꼬지) 3개 : 7000,인스타: @fc_qok,,,,,,,,,,,,,,,,,
3,posco,11,FC콕,0,,삼콕살(삽겹살 꼬지) 1개 : 2500#삼콕살(삼겹살 꼬지) 3개 : 7000,인스타: @fc_qok,,,,,,,,,,,,,,,,,
1,hak,9,JDM,0,13094,떡삼겹 꼬치(1개당) : 2000,,,,,,,,,,,,,,,,,,
2,hak,9,JDM,0,13094,떡삼겹 꼬치(1개당) : 2000,,,,,,,,,,,,,,,,,,
3,hak,9,JDM,0,13094,떡삼겹 꼬치(1개당) : 2000,,,,,,,,,,,,,,,,,,
1,saeng,20,Over HER Tears,0,18509,Red Pill 금속뱃지 : 8000#WOMAN 에코백(검정/아이보리) : 7000#스티커 SET(3종류 2장씩 총 6장) : 2000,인스타 : @over.her.tears,,,,,,,,,,,,,,,,,
2,saeng,20,Over HER Tears,0,18509,Red Pill 금속뱃지 : 8000#WOMAN 에코백(검정/아이보리) : 7000#스티커 SET(3종류 2장씩 총 6장) : 2000,인스타 : @over.her.tears,,,,,,,,,,,,,,,,,
3,saeng,20,Over HER Tears,0,18509,Red Pill 금속뱃지 : 8000#WOMAN 에코백(검정/아이보리) : 7000#스티커 SET(3종류 2장씩 총 6장) : 2000,인스타 : @over.her.tears,,,,,,,,,,,,,,,,,
1,saeng,5,P.I.E,0,,정보없음,,,,,,,,,,,,,,,,,,
2,saeng,5,P.I.E,0,,정보없음,,,,,,,,,,,,,,,,,,
3,saeng,5,P.I.E,0,,정보없음,,,,,,,,,,,,,,,,,,
1,hak,1,Planet4413,0,16907,카야토스트 : 3000#샹그리아 : 3000#SET(카야토스트+샹그리아) : 5000,,,,,,,,,,,,,,,,,,
2,hak,1,Planet4413,0,16907,카야토스트 : 3000#샹그리아 : 3000#SET(카야토스트+샹그리아) : 5000,,,,,,,,,,,,,,,,,,
2,saeng,13,SFC,0,,김치전 : 3000#식혜 : 1500#김치전+식혜 세트 : 4000,,,,,,,,,,,,,,,,,,
3,saeng,13,SFC,0,,김치전 : 3000#식혜 : 1500#김치전+식혜 세트 : 4000,,,,,,,,,,,,,,,,,,
1,hakm_forest,36,workaholic,0,18629,투명글리터카드지갑 : 4000#투명글리터스트랩 : 4000#글리터아크릴키링A(하트) : 4500#글리터아크릴키링B(문구) : 4000#도무송스티커세트A(동물) : 1000#도무송스티커세트B(문구) : 1000#엽서A(대강당) : 1000#엽서B(대학원관) : 1000,,,,,,,,,,,,,,,,,,
2,hakm_forest,36,workaholic,0,18629,투명글리터카드지갑 : 4000#투명글리터스트랩 : 4000#글리터아크릴키링A(하트) : 4500#글리터아크릴키링B(문구) : 4000#도무송스티커세트A(동물) : 1000#도무송스티커세트B(문구) : 1000#엽서A(대강당) : 1000#엽서B(대학원관) : 1000,,,,,,,,,,,,,,,,,,
888888,,,,,,,,,,,,,,,,,,,,,,,,
,,,,,,,,,,,,,,,,,,,,,,,,
,,,,,,,,,,,,,,,,,,,,,,,,
,,,,,,,,,,,,,,,,,,,,,,,,
,,,,,,,,,,,,,,,,,,,,,,,,
,,,,,,,,,,,,,,,,,,,,,,,,
,,,,,,,,,,,,,,,,,,,,,,,,
,,,,,,,,,,,,,,,,,,,,,,,,
,,,,,,,,,,,,,,,,,,,,,,,,
,,,,,,,,,,,,,,,,,,,,,,,,
,,,,,,,,,,,,,,,,,,,,,,,,
,,,,,,,,,,,,,,,,,,,,,,,,
,,,,,,,,,,,,,,,,,,,,,,,,
,,,,,,,,,,,,,,,,,,,,,,,,
,,,,,,,,,,,,,,,,,,,,,,,,
,,,,,,,,,,,,,,,,,,,,,,,,
,,,,,,,,,,,,,,,,,,,,,,,,
,,,,,,,,,,,,,,,,,,,,,,,,
,,,,,,,,,,,,,,,,,,,,,,,,
,,,,,,,,,,,,,,,,,,,,,,,,
,,,,,,,,,,,,,,,,,,,,,,,,
,,,,,,,,,,,,,,,,,,,,,,,,
,,,,,,,,,,,,,,,,,,,,,,,,
,,,,,,,,,,,,,,,,,,,,,,,,
,,,,,,,,,,,,,,,,,,,,,,,,
,,,,,,,,,,,,,,,,,,,,,,,,
,,,,,,,,,,,,,,,,,,,,,,,,
,,,,,,,,,,,,,,,,,,,,,,,,
,,,,,,,,,,,,,,,,,,,,,,,,
,,,,,,,,,,,,,,,,,,,,,,,,
,,,,,,,,,,,,,,,,,,,,,,,,
,,,,,,,,,,,,,,,,,,,,,,,,
,,,,,,,,,,,,,,,,,,,,,,,,
,,,,,,,,,,,,,,,,,,,,,,,,
,,,,,,,,,,,,,,,,,,,,,,,,
,,,,,,,,,,,,,,,,,,,,,,,,
,,,,,,,,,,,,,,,,,,,,,,,,
,,,,,,,,,,,,,,,,,,,,,,,,
,,,,,,,,,,,,,,,,,,,,,,,,
,,,,,,,,,,,,,,,,,,,,,,,,
,,,,,,,,,,,,,,,,,,,,,,,,
,,,,,,,,,,,,,,,,,,,,,,,,
,,,,,,,,,,,,,,,,,,,,,,,,
,,,,,,,,,,,,,,,,,,,,,,,,
,,,,,,,,,,,,,,,,,,,,,,,,
,,,,,,,,,,,,,,,,,,,,,,,,
,,,,,,,,,,,,,,,,,,,,,,,,
,,,,,,,,,,,,,,,,,,,,,,,,
,,,,,,,,,,,,,,,,,,,,,,,,
,,,,,,,,,,,,,,,,,,,,,,,,
,,,,,,,,,,,,,,,,,,,,,,,,
,,,,,,,,,,,,,,,,,,,,,,,,
,,,,,,,,,,,,,,,,,,,,,,,,
,,,,,,,,,,,,,,,,,,,,,,,,
,,,,,,,,,,,,,,,,,,,,,,,,
,,,,,,,,,,,,,,,,,,,,,,,,
,,,,,,,,,,,,,,,,,,,,,,,,
,,,,,,,,,,,,,,,,,,,,,,,,
,,,,,,,,,,,,,,,,,,,,,,,,
,,,,,,,,,,,,,,,,,,,,,,,,
,,,,,,,,,,,,,,,,,,,,,,,,
,,,,,,,,,,,,,,,,,,,,,,,,
,,,,,,,,,,,,,,,,,,,,,,,,
,,,,,,,,,,,,,,,,,,,,,,,,
,,,,,,,,,,,,,,,,,,,,,,,,
,,,,,,,,,,,,,,,,,,,,,,,,
,,,,,,,,,,,,,,,,,,,,,,,,
,,,,,,,,,,,,,,,,,,,,,,,,
,,,,,,,,,,,,,,,,,,,,,,,,
,,,,,,,,,,,,,,,,,,,,,,,,
,,,,,,,,,,,,,,,,,,,,,,,,
,,,,,,,,,,,,,,,,,,,,,,,,
,,,,,,,,,,,,,,,,,,,,,,,,
,,,,,,,,,,,,,,,,,,,,,,,,
,,,,,,,,,,,,,,,,,,,,,,,,
,,,,,,,,,,,,,,,,,,,,,,,,
,,,,,,,,,,,,,,,,,,,,,,,,
,,,,,,,,,,,,,,,,,,,,,,,,
,,,,,,,,,,,,,,,,,,,,,,,,
,,,,,,,,,,,,,,,,,,,,,,,,
,,,,,,,,,,,,,,,,,,,,,,,,
,,,,,,,,,,,,,,,,,,,,,,,,
,,,,,,,,,,,,,,,,,,,,,,,,
,,,,,,,,,,,,,,,,,,,,,,,,
,,,,,,,,,,,,,,,,,,,,,,,,
,,,,,,,,,,,,,,,,,,,,,,,,
,,,,,,,,,,,,,,,,,,,,,,,,
,,,,,,,,,,,,,,,,,,,,,,,,
,,,,,,,,,,,,,,,,,,,,,,,,
,,,,,,,,,,,,,,,,,,,,,,,,
,,,,,,,,,,,,,,,,,,,,,,,,
